{"graph": {"_type": "graph-file", "path": "media/graph/graph_summary_68564f978d37f0fc2fd4.graph.json", "sha256": "68564f978d37f0fc2fd4b9fe72fbda325f3ad5c6483530373473f88aba70bc25", "size": 1441}, "loss": 0.057061586529016495, "_timestamp": 1648075468, "_runtime": 5484, "_step": 37979, "epoch": 9, "val_loss": 0.03188067302107811, "best_val_loss": 0.03188067302107811, "best_epoch": 9, "_wandb": {"runtime": 5406}}