{"graph": {"_type": "graph-file", "path": "media/graph/graph_summary_a5aa1ba4ae7e6277fe5e.graph.json", "sha256": "a5aa1ba4ae7e6277fe5e2031eedcdc9247579fff1d60d020ca035564efa3e71e", "size": 1272}, "loss": 0.01346534676849842, "_timestamp": 1648150358, "_runtime": 630, "_step": 7099, "epoch": 99, "val_loss": 0.011937828734517097, "best_val_loss": 0.011937828734517097, "best_epoch": 99, "_wandb": {"runtime": 606}}