{"graph": {"_type": "graph-file", "path": "media/graph/graph_summary_3017c0d9300305cbfd42.graph.json", "sha256": "3017c0d9300305cbfd4280c89453672c881212b473e810cd855b4aa6e9419f2e", "size": 1073}, "loss": 0.014909561723470688, "_timestamp": 1648147111, "_runtime": 1914, "_step": 7099, "epoch": 99, "val_loss": 0.012967587448656559, "best_val_loss": 0.012829928658902645, "best_epoch": 96, "_wandb": {"runtime": 1889}}