{"graph": {"_type": "graph-file", "path": "media/graph/graph_summary_c0c1ceae5dd79d180ae0.graph.json", "sha256": "c0c1ceae5dd79d180ae0c058c11700888c8df11f36a4841b6bff3938d5820f43", "size": 1388}, "loss": 817880.125, "accuracy": 0.2725956439971924, "_timestamp": 1648057502, "_runtime": 4111, "_step": 41776, "epoch": 9, "val_loss": 411815.25, "val_accuracy": 0.16046340763568878, "best_val_loss": 411815.25, "best_epoch": 9, "_wandb": {"runtime": 3960}}