{"graph": {"_type": "graph-file", "path": "media/graph/graph_summary_4216565c2a65a2585173.graph.json", "sha256": "4216565c2a65a258517319c289a749ea00b41e401146dc3c914f01fe0c14bfbb", "size": 994}, "loss": 0.01088611502200365, "_timestamp": 1648144299, "_runtime": 832, "_step": 7099, "epoch": 99, "val_loss": 0.010274039581418037, "best_val_loss": 0.010007649660110474, "best_epoch": 98, "_wandb": {"runtime": 1356}}